Depth First Search - Iterative,86,1887,38,2426,0.258396,16.254,-1
Depth First Search - Iterative,1187,487,987,987,0.243362,nan,-1
Depth First Search - Iterative,2288,1588,447,448,0.185547,nan,-1
Depth First Search - Iterative,888,188,1161,1162,0.250867,435.8818945,-1
Depth First Search - Iterative,1989,1289,575,575,0.205017,3.1111E+231,-1
Depth First Search - Iterative,589,2390,38,2426,0.307794,14.194,-1
Depth First Search - Iterative,1690,990,749,750,0.212769,233.163,-1
Depth First Search - Iterative,290,2091,38,2426,0.295349,15.527,-1
Depth First Search - Iterative,1391,691,877,877,0.218665,296.844,-1
Depth First Search - Iterative,2492,1792,337,337,0.180932,32.689,-1
Depth First Search - Iterative,1092,392,1051,1052,0.254906,394.258,-1
Depth First Search - Iterative,2193,1493,461,464,0.185403,91.549,-1
Depth First Search - Iterative,793,93,1175,1178,0.244833,-6.2222E+231,-1
Depth First Search - Iterative,1894,1194,639,640,0.199265,5.3736E+154,-1
Depth First Search - Iterative,494,2295,38,2426,0.302468,14.641,-1
Depth First Search - Iterative,1595,895,759,762,0.205177,242.789,-1
Depth First Search - Iterative,195,1996,38,2426,0.286105,20.159,-1
Depth First Search - Iterative,1296,596,941,942,0.223598,334.097,-1
Depth First Search - Iterative,2397,1697,343,346,0.180795,33.911,-1
Depth First Search - Iterative,997,297,1057,1060,0.231165,392.568,-1
Depth First Search - Iterative,2098,1398,529,530,0.201839,124.817,-1
Depth First Search - Iterative,698,2499,38,38,0.17162,12.094,-1
Depth First Search - Iterative,1799,1099,721,723,0.209569,nan,-1
Depth First Search - Iterative,399,2200,38,2426,0.280426,14.502,-1
Depth First Search - Iterative,1500,800,917,918,0.217842,nan,-1
Depth First Search - Iterative,100,1901,297,2216,0.290858,19.259,-1
Depth First Search - Iterative,1201,501,1027,1027,0.244787,376.844,-1
Depth First Search - Iterative,2302,1602,409,2107,0.277029,68.286,-1
Depth First Search - Iterative,902,202,1109,1407,0.261325,-2.6868E+154,-1
Depth First Search - Iterative,2003,1303,607,619,0.196706,nan,-1
Depth First Search - Iterative,603,2404,38,2426,0.284673,13.841,-1
Depth First Search - Iterative,1704,1004,697,1823,0.271857,216.605,-1
Depth First Search - Iterative,304,2105,38,2426,0.282088,17.045,-1
Depth First Search - Iterative,1405,705,923,926,0.220822,330.669,-1
Depth First Search - Iterative,5,1806,38,2427,0.291312,18.512,-1
Depth First Search - Iterative,1106,406,1031,1522,0.265446,377.85,-1
Depth First Search - Iterative,2207,1507,515,520,0.189665,-2.6868E+154,-1
Depth First Search - Iterative,807,107,1229,1234,0.253514,nan,-1
Depth First Search - Iterative,1908,1208,625,1914,0.274508,nan,-1
Depth First Search - Iterative,508,2309,38,2426,0.289382,13.507,-1
Depth First Search - Iterative,1609,909,823,825,0.209854,282.416,-1
Depth First Search - Iterative,209,2010,38,2426,0.288141,17.192,-1
Depth First Search - Iterative,1310,610,931,1620,0.28153,332.785,-1
Depth First Search - Iterative,2411,1711,413,413,0.185338,62.152,-1
Depth First Search - Iterative,1011,311,1127,1127,0.24116,436.39,-1
Depth First Search - Iterative,2112,1412,523,2012,0.27845,-3.1111E+231,-1
Depth First Search - Iterative,712,12,1237,1314,0.262601,nan,-1
Depth First Search - Iterative,1813,1113,715,715,0.202445,nan,-1
Depth First Search - Iterative,413,2214,38,2426,0.316331,14.352,-1
Depth First Search - Iterative,1514,814,829,1718,0.272962,272.952,-1
Depth First Search - Iterative,114,1915,38,2426,0.288896,15.446,-1
Depth First Search - Iterative,1215,515,1017,1017,0.232838,3.105E+231,-1
Depth First Search - Iterative,2316,1616,421,2110,0.277728,75.089,-1
Depth First Search - Iterative,916,216,1135,1424,0.260977,nan,-1
Depth First Search - Iterative,2017,1317,605,605,0.195295,nan,-1
Depth First Search - Iterative,617,2418,38,2426,0.292419,14.457,-1
Depth First Search - Iterative,1718,1018,727,1816,0.27389,2.6868E+154,-1
Depth First Search - Iterative,318,2119,38,2426,0.284632,18.47,-1
Depth First Search - Iterative,1419,719,907,907,0.22015,323.865,-1
Depth First Search - Iterative,19,1820,38,2427,0.256179,17.542,-1
Depth First Search - Iterative,1120,420,1033,1522,0.26938,nan,-1
Depth First Search - Iterative,2221,1521,495,495,0.18614,nan,-1
Depth First Search - Iterative,821,121,1209,1209,0.283041,nan,-1
Depth First Search - Iterative,1922,1222,625,1914,0.275242,175.41,-1
Depth First Search - Iterative,522,2323,38,2426,0.284978,14.019,-1
Depth First Search - Iterative,1623,923,797,797,0.209756,261.754,-1
Depth First Search - Iterative,223,2024,38,2426,0.285196,18.038,-1
Depth First Search - Iterative,1324,624,931,1620,0.269708,-3.1111E+231,-1
Depth First Search - Iterative,2425,1725,385,385,0.178763,2.6868E+154,-1
Depth First Search - Iterative,1025,325,1099,1099,0.235999,2.6868E+154,-1
Depth First Search - Iterative,2126,1426,523,2012,0.278003,2.32035E+77,-1
Depth First Search - Iterative,726,26,1237,1286,0.257128,nan,-1
Depth First Search - Iterative,1827,1127,687,687,0.198192,210.479,-1
Depth First Search - Iterative,427,2228,38,2426,0.284806,13.857,-1
Depth First Search - Iterative,1528,828,829,1718,0.273879,-2.32035E+77,-1
Depth First Search - Iterative,128,1929,38,2426,0.283197,17.282,-1
Depth First Search - Iterative,1229,529,989,989,0.229404,347.093,-1
Depth First Search - Iterative,2330,1630,421,2110,0.281373,71.512,-1
Depth First Search - Iterative,930,230,1135,1424,0.263564,nan,-1
Depth First Search - Iterative,2031,1331,577,577,0.190855,151.489,-1
Depth First Search - Iterative,631,2432,38,2426,0.28316,13.064,-1
Depth First Search - Iterative,1732,1032,727,1816,0.271538,224.936,-1
Depth First Search - Iterative,332,2133,38,2426,0.286528,15.823,-1
Depth First Search - Iterative,1433,733,879,879,0.217667,295.761,-1
Depth First Search - Iterative,33,1834,38,2427,0.259286,18.816,-1
Depth First Search - Iterative,1134,434,1033,1522,0.261322,3.1111E+231,-1
Depth First Search - Iterative,2235,1535,467,467,0.186308,nan,-1
Depth First Search - Iterative,835,135,1181,1181,0.24753,-3.1111E+231,-1
Depth First Search - Iterative,1936,1236,625,1914,0.287005,-2.32035E+77,-1
Depth First Search - Iterative,536,2337,38,2426,0.316387,15.368,-1
Depth First Search - Iterative,1637,937,769,769,0.254467,244.032,-1
Depth First Search - Iterative,237,2038,38,2426,0.333164,18.777,-1
Depth First Search - Iterative,1338,638,931,1620,0.28385,322.927,-1
Depth First Search - Iterative,2439,1739,357,357,0.189976,40.937,-1
Depth First Search - Iterative,1039,339,1071,1071,0.235044,398.37,-1
Depth First Search - Iterative,2140,1440,523,2012,0.277426,118.822,-1
Depth First Search - Iterative,740,40,1237,1258,0.255924,nan,-1
Depth First Search - Iterative,1841,1141,659,659,0.206499,nan,-1
Depth First Search - Iterative,441,2242,38,2426,0.287945,15.791,-1
Depth First Search - Iterative,1542,842,829,1718,0.271292,nan,-1
Depth First Search - Recursive,86,1887,1886,5000,0.298476,933.947,-1
Depth First Search - Recursive,1187,487,15,10000,0.29701,6.965,-1
Depth First Search - Recursive,2288,1588,15,15000,0.290785,4.516,-1
Depth First Search - Recursive,888,188,15,20000,0.321809,8.198,-1
Depth First Search - Recursive,1989,1289,15,25000,0.298155,6.127,-1
Depth First Search - Recursive,589,2390,2390,30000,0.296524,nan,-1
Depth First Search - Recursive,1690,990,15,35000,0.288376,6.988,-1
Depth First Search - Recursive,290,2091,2090,40000,0.290851,nan,-1
Depth First Search - Recursive,1391,691,15,45000,0.290899,7.463,-1
Depth First Search - Recursive,2492,1792,15,50000,0.272154,1.399,-1
Depth First Search - Recursive,1092,392,15,55000,0.293971,6.791,-1
Depth First Search - Recursive,2193,1493,15,60000,0.291213,4.349,-1
Depth First Search - Recursive,793,93,15,65000,0.291944,5.917,-1
Depth First Search - Recursive,1894,1194,15,70000,0.292846,6.738,-1
Depth First Search - Recursive,494,2295,2294,75000,0.291166,nan,-1
Depth First Search - Recursive,1595,895,15,80000,0.299854,8.17,-1
Depth First Search - Recursive,195,1996,1996,85000,0.293977,nan,-1
Depth First Search - Recursive,1296,596,15,90000,0.291142,4.59,-1
Depth First Search - Recursive,2397,1697,15,95000,0.290488,nan,-1
Depth First Search - Recursive,997,297,15,100000,0.287658,8.91,-1
Depth First Search - Recursive,2098,1398,15,105000,0.2881,nan,-1
Depth First Search - Recursive,698,2499,2498,110000,0.290908,nan,-1
Depth First Search - Recursive,1799,1099,15,115000,0.287547,5.95,-1
Depth First Search - Recursive,399,2200,2192,120000,0.286341,nan,-1
Depth First Search - Recursive,1500,800,15,125000,0.292542,7.324,-1
Depth First Search - Recursive,100,1901,1949,130000,0.316343,961.143,-1
Depth First Search - Recursive,1201,501,15,135000,0.293551,6.06,-1
Depth First Search - Recursive,2302,1602,15,140000,0.297265,3.188,-1
Depth First Search - Recursive,902,202,15,145000,0.288374,7.244,-1
Depth First Search - Recursive,2003,1303,15,150000,0.285561,5.159,-1
Depth First Search - Recursive,603,2404,2436,155000,0.289428,992.7,-1
Depth First Search - Recursive,1704,1004,15,160000,0.290949,6.071,-1
Depth First Search - Recursive,304,2105,2136,165000,0.293103,nan,-1
Depth First Search - Recursive,1405,705,15,170000,0.287048,8.75,-1
Depth First Search - Recursive,5,1806,1836,175000,0.292294,907.625,-1
Depth First Search - Recursive,1106,406,15,180000,0.287907,4.065,-1
Depth First Search - Recursive,2207,1507,15,185000,0.286426,5.064,-1
Depth First Search - Recursive,807,107,15,190000,0.290181,6.462,-1
Depth First Search - Recursive,1908,1208,15,195000,0.2879,6.523,-1
Depth First Search - Recursive,508,2309,2336,200000,0.291276,nan,-1
Depth First Search - Recursive,1609,909,15,205000,0.291149,6.744,-1
Depth First Search - Recursive,209,2010,2036,210000,0.293056,nan,-1
Depth First Search - Recursive,1310,610,15,215000,0.287416,4.994,-1
Depth First Search - Recursive,2411,1711,15,220000,0.288501,3.506,-1
Depth First Search - Recursive,1011,311,15,225000,0.292095,7.416,-1
Depth First Search - Recursive,2112,1412,15,230000,0.290685,5.761,-1
Depth First Search - Recursive,712,12,15,235000,0.291342,4.285,-1
Depth First Search - Recursive,1813,1113,15,240000,0.286555,7.494,-1
Depth First Search - Recursive,413,2214,2236,245000,0.288721,nan,-1
Depth First Search - Recursive,1514,814,15,250000,0.289684,8.665,-1
Depth First Search - Recursive,114,1915,1936,255000,0.293382,957.229,-1
Depth First Search - Recursive,1215,515,15,260000,0.293077,6.564,-1
Depth First Search - Recursive,2316,1616,15,265000,0.291775,4.199,-1
Depth First Search - Recursive,916,216,15,270000,0.291202,6.741,-1
Depth First Search - Recursive,2017,1317,15,275000,0.288332,7.147,-1
Depth First Search - Recursive,617,2418,2432,280000,0.302352,988.109,-1
Depth First Search - Recursive,1718,1018,15,285000,0.287263,5.129,-1
Depth First Search - Recursive,318,2119,2132,290000,0.29322,nan,-1
Depth First Search - Recursive,1419,719,15,295000,0.287876,4.785,-1
Depth First Search - Recursive,19,1820,1830,300000,0.290494,904.045,-1
Depth First Search - Recursive,1120,420,15,305000,0.286307,7.351,-1
Depth First Search - Recursive,2221,1521,15,310000,0.2892,5.225,-1
Depth First Search - Recursive,821,121,15,315000,0.292013,7.877,-1
Depth First Search - Recursive,1922,1222,15,320000,0.293259,7.834,-1
Depth First Search - Recursive,522,2323,2328,325000,0.28739,nan,-1
Depth First Search - Recursive,1623,923,15,330000,0.287025,6.406,-1
Depth First Search - Recursive,223,2024,2026,335000,0.288933,nan,-1
Depth First Search - Recursive,1324,624,15,340000,0.287635,7.67,-1
Depth First Search - Recursive,2425,1725,15,345000,0.284349,3.797,-1
Depth First Search - Recursive,1025,325,15,350000,0.290779,5.304,-1
Depth First Search - Recursive,2126,1426,15,355000,0.287893,6.911,-1
Depth First Search - Recursive,726,26,15,360000,0.287896,6.546,-1
Depth First Search - Recursive,1827,1127,15,365000,0.28589,6.696,-1
Depth First Search - Recursive,427,2228,2222,370000,0.291833,nan,-1
Depth First Search - Recursive,1528,828,15,375000,0.290345,4.967,-1
Depth First Search - Recursive,128,1929,1922,380000,0.297099,953.247,-1
Depth First Search - Recursive,1229,529,15,385000,0.289105,7.254,-1
Depth First Search - Recursive,2330,1630,15,390000,0.290801,3.945,-1
Depth First Search - Recursive,930,230,15,395000,0.288781,7.604,-1
Depth First Search - Recursive,2031,1331,15,400000,0.289723,7.553,-1
Depth First Search - Recursive,631,2432,2418,405000,0.292339,nan,-1
Depth First Search - Recursive,1732,1032,15,410000,0.289497,7.763,-1
Depth First Search - Recursive,332,2133,2118,415000,0.290499,nan,-1
Depth First Search - Recursive,1433,733,15,420000,0.289436,7.573,-1
Depth First Search - Recursive,33,1834,1816,425000,0.290973,899.931,-1
Depth First Search - Recursive,1134,434,15,430000,0.288809,6.942,-1
Depth First Search - Recursive,2235,1535,15,435000,0.318261,2.839,-1
Depth First Search - Recursive,835,135,15,440000,0.291647,7.016,-1
Depth First Search - Recursive,1936,1236,15,445000,0.284196,7.415,-1
Depth First Search - Recursive,536,2337,2314,450000,0.285756,989.231,-1
Depth First Search - Recursive,1637,937,15,455000,0.286881,6.613,-1
Depth First Search - Recursive,237,2038,2012,460000,0.285419,nan,-1
Depth First Search - Recursive,1338,638,15,465000,0.290712,7.311,-1
Depth First Search - Recursive,2439,1739,15,470000,0.283603,2.391,-1
Depth First Search - Recursive,1039,339,15,475000,0.28672,7.172,-1
Depth First Search - Recursive,2140,1440,15,480000,0.285959,5.711,-1
Depth First Search - Recursive,740,40,15,485000,0.286272,6.693,-1
Depth First Search - Recursive,1841,1141,15,490000,0.285468,8.339,-1
Depth First Search - Recursive,441,2242,2208,495000,0.296974,987.394,-1
Depth First Search - Recursive,1542,842,15,500000,0.289574,6.573,-1
Breadth First Search - Iterative,86,1887,38,1215,0.191442,19.407,-1
Breadth First Search - Iterative,1187,487,15,367,0.165783,6.965,-1
Breadth First Search - Iterative,2288,1588,15,285,0.162132,4.516,-1
Breadth First Search - Iterative,888,188,15,366,0.164349,8.198,-1
Breadth First Search - Iterative,1989,1289,15,354,0.165419,6.127,-1
Breadth First Search - Iterative,589,2390,38,1566,0.19384,16.785,-1
Breadth First Search - Iterative,1690,990,15,358,0.164928,6.988,-1
Breadth First Search - Iterative,290,2091,38,1291,0.18938,17.114,-1
Breadth First Search - Iterative,1391,691,15,351,0.163258,7.463,-1
Breadth First Search - Iterative,2492,1792,15,183,0.160205,4.967,-1
Breadth First Search - Iterative,1092,392,15,342,0.165028,6.791,-1
Breadth First Search - Iterative,2193,1493,15,282,0.16175,5.767,-1
Breadth First Search - Iterative,793,93,15,331,0.164807,5.917,-1
Breadth First Search - Iterative,1894,1194,15,317,0.163916,6.738,-1
Breadth First Search - Iterative,494,2295,38,1299,0.186157,19.658,-1
Breadth First Search - Iterative,1595,895,15,303,0.168529,8.17,-1
Breadth First Search - Iterative,195,1996,38,1039,0.182826,18.337,-1
Breadth First Search - Iterative,1296,596,15,286,0.162723,4.59,-1
Breadth First Search - Iterative,2397,1697,15,174,0.159954,4.435,-1
Breadth First Search - Iterative,997,297,15,267,0.162759,8.91,-1
Breadth First Search - Iterative,2098,1398,15,224,0.160864,5.444,-1
Breadth First Search - Iterative,698,2499,38,1243,0.18689,14.589,-1
Breadth First Search - Iterative,1799,1099,15,223,0.161586,5.95,-1
Breadth First Search - Iterative,399,2200,38,1023,0.180122,18.977,-1
Breadth First Search - Iterative,1500,800,15,198,0.170867,7.324,-1
Breadth First Search - Iterative,100,1901,87,2424,0.23128,44.977,-1
Breadth First Search - Iterative,1201,501,15,198,0.178497,6.06,-1
Breadth First Search - Iterative,2302,1602,15,159,0.18042,4.811,-1
Breadth First Search - Iterative,902,202,15,223,0.177573,7.244,-1
Breadth First Search - Iterative,2003,1303,15,231,0.180079,5.806,-1
Breadth First Search - Iterative,603,2404,38,1216,0.201008,18.771,-1
Breadth First Search - Iterative,1704,1004,15,267,0.175388,6.071,-1
Breadth First Search - Iterative,304,2105,38,1074,0.195905,20.327,-1
Breadth First Search - Iterative,1405,705,15,286,0.175248,8.75,-1
Breadth First Search - Iterative,5,1806,38,883,0.193047,17.921,-1
Breadth First Search - Iterative,1106,406,15,303,0.17403,4.065,-1
Breadth First Search - Iterative,2207,1507,15,255,0.171999,5.479,-1
Breadth First Search - Iterative,807,107,15,318,0.173994,6.462,-1
Breadth First Search - Iterative,1908,1208,15,327,0.174089,6.523,-1
Breadth First Search - Iterative,508,2309,38,1374,0.199199,16.569,-1
Breadth First Search - Iterative,1609,909,15,342,0.174951,6.744,-1
Breadth First Search - Iterative,209,2010,38,1183,0.194327,18.802,-1
Breadth First Search - Iterative,1310,610,15,351,0.174135,4.994,-1
Breadth First Search - Iterative,2411,1711,15,215,0.171105,5.97,-1
Breadth First Search - Iterative,1011,311,15,358,0.174589,7.416,-1
Breadth First Search - Iterative,2112,1412,15,327,0.171156,5.842,-1
Breadth First Search - Iterative,712,12,15,363,0.174721,4.285,-1
Breadth First Search - Iterative,1813,1113,15,366,0.173586,7.494,-1
Breadth First Search - Iterative,413,2214,38,1483,0.200681,15.831,-1
Breadth First Search - Iterative,1514,814,15,367,0.173138,8.665,-1
Breadth First Search - Iterative,114,1915,38,1242,0.20572,15.641,-1
Breadth First Search - Iterative,1215,515,15,367,0.176078,6.564,-1
Breadth First Search - Iterative,2316,1616,15,267,0.172841,6.512,-1
Breadth First Search - Iterative,916,216,15,367,0.174491,6.741,-1
Breadth First Search - Iterative,2017,1317,15,351,0.174359,8.123,-1
Breadth First Search - Iterative,617,2418,38,1767,0.214903,17.925,-1
Breadth First Search - Iterative,1718,1018,15,367,0.175449,5.129,-1
Breadth First Search - Iterative,318,2119,38,1518,0.20307,16.857,-1
Breadth First Search - Iterative,1419,719,15,367,0.176457,4.785,-1
Breadth First Search - Iterative,19,1820,38,1233,0.195654,18.824,-1
Breadth First Search - Iterative,1120,420,15,367,0.204098,7.351,-1
Breadth First Search - Iterative,2221,1521,15,303,0.179673,7.253,-1
Breadth First Search - Iterative,821,121,15,367,0.180603,7.877,-1
Breadth First Search - Iterative,1922,1222,15,363,0.170224,7.834,-1
Breadth First Search - Iterative,522,2323,38,1762,0.273185,17.982,-1
Breadth First Search - Iterative,1623,923,15,367,0.174641,6.406,-1
Breadth First Search - Iterative,223,2024,38,1469,0.204126,20.568,-1
Breadth First Search - Iterative,1324,624,15,367,0.194843,7.67,-1
Breadth First Search - Iterative,2425,1725,15,223,0.177561,6.178,-1
Breadth First Search - Iterative,1025,325,15,367,0.174957,5.304,-1
Breadth First Search - Iterative,2126,1426,15,331,0.170063,7.91,-1
Breadth First Search - Iterative,726,26,15,367,0.171159,6.546,-1
Breadth First Search - Iterative,1827,1127,15,367,0.171415,6.696,-1
Breadth First Search - Iterative,427,2228,38,1673,0.202086,16.464,-1
Breadth First Search - Iterative,1528,828,15,367,0.171124,4.967,-1
Breadth First Search - Iterative,128,1929,38,1369,0.195079,18.637,-1
Breadth First Search - Iterative,1229,529,15,367,0.16893,7.254,-1
Breadth First Search - Iterative,2330,1630,15,267,0.166543,6.751,-1
Breadth First Search - Iterative,930,230,15,367,0.169586,7.604,-1
Breadth First Search - Iterative,2031,1331,15,351,0.169171,7.553,-1
Breadth First Search - Iterative,631,2432,38,1830,0.204048,18.126,-1
Breadth First Search - Iterative,1732,1032,15,367,0.167809,7.763,-1
Breadth First Search - Iterative,332,2133,38,1533,0.196422,16.687,-1
Breadth First Search - Iterative,1433,733,15,367,0.167411,7.573,-1
Breadth First Search - Iterative,33,1834,38,1219,0.189718,21.066,-1
Breadth First Search - Iterative,1134,434,15,367,0.168902,6.942,-1
Breadth First Search - Iterative,2235,1535,15,303,0.169038,3.468,-1
Breadth First Search - Iterative,835,135,15,367,0.170881,7.016,-1
Breadth First Search - Iterative,1936,1236,15,363,0.168046,7.415,-1
Breadth First Search - Iterative,536,2337,38,1629,0.20068,18.137,-1
Breadth First Search - Iterative,1637,937,15,367,0.169973,6.613,-1
Breadth First Search - Iterative,237,2038,38,1337,0.1965,17.338,-1
Breadth First Search - Iterative,1338,638,15,366,0.170204,7.311,-1
Breadth First Search - Iterative,2439,1739,15,219,0.166409,5.17,-1
Breadth First Search - Iterative,1039,339,15,363,0.170671,7.172,-1
Breadth First Search - Iterative,2140,1440,15,322,0.168675,6.83,-1
Breadth First Search - Iterative,740,40,15,358,0.169209,6.693,-1
Breadth First Search - Iterative,1841,1141,15,351,0.169986,8.339,-1
Breadth First Search - Iterative,441,2242,38,1378,0.195137,21.318,-1
Breadth First Search - Iterative,1542,842,15,342,0.17275,6.573,-1
Breadth First Search - Recursive,86,1887,38,2500,0.223509,19.407,-1
Breadth First Search - Recursive,1187,487,15,2500,0.217062,6.965,-1
Breadth First Search - Recursive,2288,1588,15,2500,0.229006,4.516,-1
Breadth First Search - Recursive,888,188,15,2500,0.220401,8.198,-1
Breadth First Search - Recursive,1989,1289,15,2500,0.216208,6.127,-1
Breadth First Search - Recursive,589,2390,38,2500,0.217383,12.94,-1
Breadth First Search - Recursive,1690,990,15,2500,0.217779,6.988,-1
Breadth First Search - Recursive,290,2091,38,2500,0.219077,17.114,-1
Breadth First Search - Recursive,1391,691,15,2500,0.230533,7.463,-1
Breadth First Search - Recursive,2492,1792,15,182,0.165504,1.399,-1
Breadth First Search - Recursive,1092,392,15,2500,0.217038,6.791,-1
Breadth First Search - Recursive,2193,1493,15,2500,0.217961,4.349,-1
Breadth First Search - Recursive,793,93,15,2500,0.215825,5.917,-1
Breadth First Search - Recursive,1894,1194,15,2500,0.216628,6.738,-1
Breadth First Search - Recursive,494,2295,38,2500,0.223471,18.195,-1
Breadth First Search - Recursive,1595,895,15,2500,0.216868,8.17,-1
Breadth First Search - Recursive,195,1996,38,2500,0.216417,18.337,-1
Breadth First Search - Recursive,1296,596,15,2500,0.215911,4.59,-1
Breadth First Search - Recursive,2397,1697,15,2500,0.236198,2.087,-1
Breadth First Search - Recursive,997,297,15,2500,0.220852,8.91,-1
Breadth First Search - Recursive,2098,1398,15,2500,0.21762,nan,-1
Breadth First Search - Recursive,698,2499,38,2500,0.218355,12.357,-1
Breadth First Search - Recursive,1799,1099,15,2500,0.218581,5.95,-1
Breadth First Search - Recursive,399,2200,38,2500,0.217712,16.663,-1
Breadth First Search - Recursive,1500,800,15,2500,0.224737,7.324,-1
Breadth First Search - Recursive,100,1901,87,2500,0.218997,44.977,-1
Breadth First Search - Recursive,1201,501,15,2500,0.21917,6.06,-1
Breadth First Search - Recursive,2302,1602,15,2500,0.217886,3.188,-1
Breadth First Search - Recursive,902,202,15,2500,0.218789,7.244,-1
Breadth First Search - Recursive,2003,1303,15,2500,0.217618,5.159,-1
Breadth First Search - Recursive,603,2404,38,2500,0.218372,14.49,-1
Breadth First Search - Recursive,1704,1004,15,2500,0.218005,6.071,-1
Breadth First Search - Recursive,304,2105,38,2500,0.219273,18.699,-1
Breadth First Search - Recursive,1405,705,15,2500,0.227793,8.75,-1
Breadth First Search - Recursive,5,1806,38,2500,0.226396,17.921,-1
Breadth First Search - Recursive,1106,406,15,2500,0.217113,4.065,-1
Breadth First Search - Recursive,2207,1507,15,2500,0.217906,5.064,-1
Breadth First Search - Recursive,807,107,15,2500,0.216611,6.462,-1
Breadth First Search - Recursive,1908,1208,15,2500,0.218232,6.523,-1
Breadth First Search - Recursive,508,2309,38,2500,0.218266,16.086,-1
Breadth First Search - Recursive,1609,909,15,2500,0.216834,6.744,-1
Breadth First Search - Recursive,209,2010,38,2500,0.218638,18.802,-1
Breadth First Search - Recursive,1310,610,15,2500,0.222109,4.994,-1
Breadth First Search - Recursive,2411,1711,15,2500,0.216965,3.506,-1
Breadth First Search - Recursive,1011,311,15,2500,0.217169,7.416,-1
Breadth First Search - Recursive,2112,1412,15,2500,0.216437,5.761,-1
Breadth First Search - Recursive,712,12,15,2500,0.218102,4.285,-1
Breadth First Search - Recursive,1813,1113,15,2500,0.219701,7.494,-1
Breadth First Search - Recursive,413,2214,38,2500,0.218611,14.86,-1
Breadth First Search - Recursive,1514,814,15,2500,0.221445,8.665,-1
Breadth First Search - Recursive,114,1915,38,2500,0.219849,15.641,-1
Breadth First Search - Recursive,1215,515,15,2500,0.227197,6.564,-1
Breadth First Search - Recursive,2316,1616,15,2500,0.216827,4.199,-1
Breadth First Search - Recursive,916,216,15,2500,0.216315,6.741,-1
Breadth First Search - Recursive,2017,1317,15,2500,0.21903,7.147,-1
Breadth First Search - Recursive,617,2418,38,2500,0.219814,15.127,-1
Breadth First Search - Recursive,1718,1018,15,2500,0.217479,5.129,-1
Breadth First Search - Recursive,318,2119,38,2500,0.217806,16.857,-1
Breadth First Search - Recursive,1419,719,15,2500,0.216994,4.785,-1
Breadth First Search - Recursive,19,1820,38,2500,0.223384,18.824,-1
Breadth First Search - Recursive,1120,420,15,2500,0.216796,7.351,-1
Breadth First Search - Recursive,2221,1521,15,2500,0.216803,5.225,-1
Breadth First Search - Recursive,821,121,15,2500,0.217433,7.877,-1
Breadth First Search - Recursive,1922,1222,15,2500,0.219078,7.834,-1
Breadth First Search - Recursive,522,2323,38,2500,0.21887,15.826,-1
Breadth First Search - Recursive,1623,923,15,2500,0.217035,6.406,-1
Breadth First Search - Recursive,223,2024,38,2500,0.220885,20.568,-1
Breadth First Search - Recursive,1324,624,15,2500,0.219383,7.67,-1
Breadth First Search - Recursive,2425,1725,15,2500,0.217254,3.797,-1
Breadth First Search - Recursive,1025,325,15,2500,0.215414,5.304,-1
Breadth First Search - Recursive,2126,1426,15,2500,0.21857,6.911,-1
Breadth First Search - Recursive,726,26,15,2500,0.218582,6.546,-1
Breadth First Search - Recursive,1827,1127,15,2500,0.216894,6.696,-1
Breadth First Search - Recursive,427,2228,38,2500,0.217237,nan,-1
Breadth First Search - Recursive,1528,828,15,2500,0.216178,4.967,-1
Breadth First Search - Recursive,128,1929,38,2500,0.218419,18.637,-1
Breadth First Search - Recursive,1229,529,15,2500,0.217467,7.254,-1
Breadth First Search - Recursive,2330,1630,15,2500,0.217332,3.945,-1
Breadth First Search - Recursive,930,230,15,2500,0.218424,7.604,-1
Breadth First Search - Recursive,2031,1331,15,2500,0.218935,7.553,-1
Breadth First Search - Recursive,631,2432,38,2500,0.218443,14.576,-1
Breadth First Search - Recursive,1732,1032,15,2500,0.220741,7.763,-1
Breadth First Search - Recursive,332,2133,38,2500,0.217558,16.687,-1
Breadth First Search - Recursive,1433,733,15,2500,0.218236,7.573,-1
Breadth First Search - Recursive,33,1834,38,2500,0.223255,21.066,-1
Breadth First Search - Recursive,1134,434,15,2500,0.216374,6.942,-1
Breadth First Search - Recursive,2235,1535,15,2500,0.224777,2.839,-1
Breadth First Search - Recursive,835,135,15,2500,0.216202,7.016,-1
Breadth First Search - Recursive,1936,1236,15,2500,0.218216,7.415,-1
Breadth First Search - Recursive,536,2337,38,2500,0.223345,16.504,-1
Breadth First Search - Recursive,1637,937,15,2500,0.216038,6.613,-1
Breadth First Search - Recursive,237,2038,38,2500,0.217444,17.338,-1
Breadth First Search - Recursive,1338,638,15,2500,0.217002,7.311,-1
Breadth First Search - Recursive,2439,1739,15,2500,0.217345,2.391,-1
Breadth First Search - Recursive,1039,339,15,2500,0.217992,7.172,-1
Breadth First Search - Recursive,2140,1440,15,2500,0.217177,5.711,-1
Breadth First Search - Recursive,740,40,15,2500,0.221239,6.693,-1
Breadth First Search - Recursive,1841,1141,15,2500,0.226697,8.339,-1
Breadth First Search - Recursive,441,2242,38,2500,0.217801,19.753,-1
Breadth First Search - Recursive,1542,842,15,2500,0.217404,6.573,-1
Dijkstra,86,1887,46,8923,0.404667,12.85,-1
Dijkstra,1187,487,19,64374,1.909445,5.31,-1
Dijkstra,2288,1588,21,210755,6.000424,3.961,-1
Dijkstra,888,188,19,50714,1.541444,5.008,-1
Dijkstra,1989,1289,21,122933,3.565985,5.223,-1
Dijkstra,589,2390,44,25314,0.844372,11.803,-1
Dijkstra,1690,990,17,115239,3.633415,5.158,-1
Dijkstra,290,2091,48,16979,1.103377,12.923,-1
Dijkstra,1391,691,19,109679,3.180828,5.805,-1
Dijkstra,2492,1792,21,291670,12.337092,5.303,-1
Dijkstra,1092,392,19,63280,1.947738,4.995,-1
Dijkstra,2193,1493,21,227087,6.538118,5.349,-1
Dijkstra,793,93,17,34553,1.109771,4.637,-1
Dijkstra,1894,1194,15,159091,4.609614,6.46,-1
Dijkstra,494,2295,52,29437,0.994088,13.33,-1
Dijkstra,1595,895,15,113206,3.313642,6.178,-1
Dijkstra,195,1996,52,15297,0.582285,12.95,-1
Dijkstra,1296,596,23,102192,2.997599,5.321,-1
Dijkstra,2397,1697,17,235302,6.863494,5.283,-1
Dijkstra,997,297,23,66050,2.009771,5.478,-1
Dijkstra,2098,1398,23,234076,6.852304,5.012,-1
Dijkstra,698,2499,50,44884,1.411954,13.222,-1
Dijkstra,1799,1099,21,150717,4.432208,4.915,-1
Dijkstra,399,2200,50,33022,1.095072,13.185,-1
Dijkstra,1500,800,17,118854,3.487443,4.963,-1
Dijkstra,100,1901,95,12584,0.512634,22.314,-1
Dijkstra,1201,501,15,59454,1.792013,6.123,-1
Dijkstra,2302,1602,15,231255,6.647676,6.06,-1
Dijkstra,902,202,17,30544,1.005358,4.542,-1
Dijkstra,2003,1303,17,210957,6.023075,5.715,-1
Dijkstra,603,2404,48,22741,0.785806,12.491,-1
Dijkstra,1704,1004,17,140085,4.031724,5.013,-1
Dijkstra,304,2105,48,11181,0.476095,12.997,-1
Dijkstra,1405,705,17,64188,1.934444,4.772,-1
Dijkstra,5,1806,48,7260,0.367092,12.25,-1
Dijkstra,1106,406,21,56538,1.739797,5.037,-1
Dijkstra,2207,1507,15,182773,5.246823,4.613,-1
Dijkstra,807,107,19,29034,0.965522,4.502,-1
Dijkstra,1908,1208,17,145628,4.201865,4.9,-1
Dijkstra,508,2309,52,17294,0.638284,11.859,-1
Dijkstra,1609,909,17,122879,3.534998,5.472,-1
Dijkstra,209,2010,54,8347,0.39214,11.874,-1
Dijkstra,1310,610,21,81496,2.381516,5.623,-1
Dijkstra,2411,1711,17,246347,7.005878,4.616,-1
Dijkstra,1011,311,23,48083,1.472638,5.946,-1
Dijkstra,2112,1412,17,168975,4.817051,4.116,-1
Dijkstra,712,12,21,22795,0.774597,5.43,-1
Dijkstra,1813,1113,17,111246,3.221103,5.939,-1
Dijkstra,413,2214,54,14960,0.565772,13.723,-1
Dijkstra,1514,814,17,88334,2.60174,5.021,-1
Dijkstra,114,1915,52,6656,0.367931,13.937,-1
Dijkstra,1215,515,21,50825,1.557644,4.969,-1
Dijkstra,2316,1616,21,231427,6.685863,5.958,-1
Dijkstra,916,216,19,28702,0.931649,5.804,-1
Dijkstra,2017,1317,21,173015,4.975815,5.899,-1
Dijkstra,617,2418,62,18283,0.659377,11.78,-1
Dijkstra,1718,1018,15,103958,3.039508,6.013,-1
Dijkstra,318,2119,58,11095,0.475548,14.23,-1
Dijkstra,1419,719,17,68324,2.060745,5.216,-1
Dijkstra,19,1820,54,5734,0.345008,12.57,-1
Dijkstra,1120,420,19,33443,1.083044,4.61,-1
Dijkstra,2221,1521,17,177970,5.136998,5.017,-1
Dijkstra,821,121,19,28267,0.917194,5.088,-1
Dijkstra,1922,1222,21,141378,4.053943,5.133,-1
Dijkstra,522,2323,58,15825,0.590633,11.409,-1
Dijkstra,1623,923,21,123313,3.520951,5.512,-1
Dijkstra,223,2024,50,9124,0.413227,11.285,-1
Dijkstra,1324,624,17,52115,1.578095,4.255,-1
Dijkstra,2425,1725,17,150188,4.452926,5.328,-1
Dijkstra,1025,325,17,44985,1.455735,5.067,-1
Dijkstra,2126,1426,19,135120,3.893442,4.517,-1
Dijkstra,726,26,17,27266,0.888848,4.016,-1
Dijkstra,1827,1127,21,178865,5.048639,4.368,-1
Dijkstra,427,2228,52,13482,0.553428,11.443,-1
Dijkstra,1528,828,19,92281,2.738745,4.78,-1
Dijkstra,128,1929,52,7514,0.372413,11.561,-1
Dijkstra,1229,529,21,64698,1.918549,4.842,-1
Dijkstra,2330,1630,19,251304,7.097284,6.002,-1
Dijkstra,930,230,19,45246,1.408566,5.798,-1
Dijkstra,2031,1331,21,204323,5.804307,6.421,-1
Dijkstra,631,2432,60,21212,0.733694,13.668,-1
Dijkstra,1732,1032,19,116299,3.531011,6.274,-1
Dijkstra,332,2133,48,13859,0.568185,13.321,-1
Dijkstra,1433,733,15,68092,2.085726,6.193,-1
Dijkstra,33,1834,52,7471,0.36889,14.246,-1
Dijkstra,1134,434,21,68663,2.070615,6.173,-1
Dijkstra,2235,1535,19,193633,5.8376,4.689,-1
Dijkstra,835,135,19,39511,1.494841,4.506,-1
Dijkstra,1936,1236,15,107260,3.469857,4.57,-1
Dijkstra,536,2337,50,20333,0.783424,12.797,-1
Dijkstra,1637,937,17,98419,3.065829,6.158,-1
Dijkstra,237,2038,50,12679,0.531974,12.573,-1
Dijkstra,1338,638,17,79469,2.404793,5.893,-1
Dijkstra,2439,1739,15,126318,5.485906,4,-1
Dijkstra,1039,339,17,39189,1.610033,4.897,-1
Dijkstra,2140,1440,17,185928,6.863056,5.412,-1
Dijkstra,740,40,15,28177,1.312487,5.006,-1
Dijkstra,1841,1141,19,183927,5.847256,6.237,-1
Dijkstra,441,2242,48,22231,1.053197,12.4,-1
Dijkstra,1542,842,23,114697,3.453319,6.166,-1
Astar,86,1887,38,49123,1.680598,16.214,14962
Astar,1187,487,15,15,0.216038,6.65,825
Astar,2288,1588,15,15,0.163183,7.373,826
Astar,888,188,15,15,0.161918,8.28,827
Astar,1989,1289,15,15,0.165629,6.375,825
Astar,589,2390,38,237433,7.053162,12.955,14958
Astar,1690,990,15,15,0.177807,6.58,825
Astar,290,2091,38,105910,3.170584,17.911,14963
Astar,1391,691,15,15,0.163318,9.186,828
Astar,2492,1792,15,15,0.166508,8.11,827
Astar,1092,392,15,15,0.16714,6.48,825
Astar,2193,1493,15,15,0.166287,7.606,826
Astar,793,93,15,15,0.166426,5.785,824
Astar,1894,1194,15,15,0.165769,6.952,825
Astar,494,2295,38,370041,10.959708,16.75,14962
Astar,1595,895,15,15,0.169582,6.808,825
Astar,195,1996,38,95067,2.872658,20.103,14966
Astar,1296,596,15,15,0.161307,8.291,827
Astar,2397,1697,15,15,0.162953,6.404,825
Astar,997,297,15,15,0.16232,6,825
Astar,2098,1398,15,15,0.162095,7.977,826
Astar,698,2499,38,1310664,41.182511,19.74,14965
Astar,1799,1099,15,15,0.178797,6.554,825
Astar,399,2200,38,364860,10.924719,17.14,14963
Astar,1500,800,15,15,0.164708,5.879,824
Astar,100,1901,87,37633,1.235534,34.009,104473
Astar,1201,501,15,15,0.167592,6.284,825
Astar,2302,1602,15,15,0.166021,6.06,825
Astar,902,202,15,15,0.16383,6.233,825
Astar,2003,1303,15,15,0.163891,6.834,825
Astar,603,2404,38,625279,18.174735,18.793,14964
Astar,1704,1004,15,15,0.175871,6.388,825
Astar,304,2105,38,132253,3.943956,18.931,14964
Astar,1405,705,15,15,0.162482,5.019,824
Astar,5,1806,38,4091,0.279343,15.815,14961
Astar,1106,406,15,15,0.162196,7.889,826
Astar,2207,1507,15,15,0.16145,4.613,823
Astar,807,107,15,15,0.163127,7.057,826
Astar,1908,1208,15,15,0.164368,6.396,825
Astar,508,2309,38,232050,6.761702,16.435,14962
Astar,1609,909,15,15,0.16623,6.418,825
Astar,209,2010,38,36929,1.240064,17.935,14963
Astar,1310,610,15,15,0.169063,8.273,827
Astar,2411,1711,15,15,0.337504,6.658,825
Astar,1011,311,15,15,0.175158,8.209,827
Astar,2112,1412,15,15,0.168162,6.37,825
Astar,712,12,15,15,0.158915,7.641,826
Astar,1813,1113,15,15,0.160102,6.472,825
Astar,413,2214,38,83580,2.493228,17.542,14963
Astar,1514,814,15,15,0.16561,6.373,825
Astar,114,1915,38,14626,0.567866,17.721,14963
Astar,1215,515,15,15,0.164348,6.924,825
Astar,2316,1616,15,15,0.163824,6.505,825
Astar,916,216,15,15,0.164564,6.666,825
Astar,2017,1317,15,15,0.163953,7.761,826
Astar,617,2418,38,133425,4.211173,20.205,14966
Astar,1718,1018,15,15,0.164388,6.792,825
Astar,318,2119,38,45577,1.446943,18.964,14964
Astar,1419,719,15,15,0.167068,6.974,825
Astar,19,1820,38,15046,0.582893,19.149,14965
Astar,1120,420,15,15,0.1665,6.425,825
Astar,2221,1521,15,15,0.166644,6.772,825
Astar,821,121,15,15,0.170452,7.045,826
Astar,1922,1222,15,15,0.166596,6.912,825
Astar,522,2323,38,90938,2.719756,19.992,14965
Astar,1623,923,15,15,0.168207,9.122,828
Astar,223,2024,38,34219,1.120846,21.674,14967
Astar,1324,624,15,15,0.171585,5.553,824
Astar,2425,1725,15,15,0.169201,6.301,825
Astar,1025,325,15,15,0.168696,7.921,826
Astar,2126,1426,15,15,0.166265,5.684,824
Astar,726,26,15,15,0.164255,6.389,825
Astar,1827,1127,15,15,0.164939,10.189,829
Astar,427,2228,38,74890,2.287282,19.927,14965
Astar,1528,828,15,15,0.166304,8.617,827
Astar,128,1929,38,33922,1.123113,19.123,14965
Astar,1229,529,15,15,0.165169,7.196,826
Astar,2330,1630,15,15,0.164415,8.831,827
Astar,930,230,15,15,0.163583,8.09,827
Astar,2031,1331,15,15,0.166462,9.379,828
Astar,631,2432,38,148411,4.336261,19.434,14965
Astar,1732,1032,15,15,0.164148,8.126,827
Astar,332,2133,38,71010,2.164394,21.823,14967
Astar,1433,733,15,15,0.166604,6.855,825
Astar,33,1834,38,39917,1.278061,17.834,14963
Astar,1134,434,15,15,0.164353,7.824,826
Astar,2235,1535,15,15,0.174358,6.281,825
Astar,835,135,15,15,0.163594,6.936,825
Astar,1936,1236,15,15,0.164848,4.57,823
Astar,536,2337,38,157555,4.665176,16.232,14962
Astar,1637,937,15,15,0.169717,7.637,826
Astar,237,2038,38,71928,2.247761,17.345,14963
Astar,1338,638,15,15,0.168245,7.581,826
Astar,2439,1739,15,15,0.166417,4.315,823
Astar,1039,339,15,15,0.163338,5.529,824
Astar,2140,1440,15,15,0.165914,6.219,825
Astar,740,40,15,15,0.164872,5.384,824
Astar,1841,1141,15,15,0.167669,8.456,827
Astar,441,2242,38,204856,6.025307,19.956,14965
Astar,1542,842,15,15,0.168874,7.724,826